{"cameraMode":{"drawMode":0,"name":"Shaded","section":"Shading Mode"},"sceneLighting":true,"audioPlay":false,"sceneViewState":{"showFog":true,"showMaterialUpdate":false,"showSkybox":true,"showFlares":true,"showImageEffects":true,"showParticleSystems":true},"in2DMode":false,"pivot":{"x":-3.3744382858276369,"y":2.683912515640259,"z":0.6458063125610352},"rotation":{"x":-0.0003974988649133593,"y":0.9955002665519714,"z":-0.09466691315174103,"w":-0.004180144518613815},"size":15.687294960021973,"orthographic":false}